time,dB
403.4822762,60.34518093
403.588531,60.40417507
403.6926574,60.33675277
403.7985142,60.40670929
403.9013794,60.45947331
404.0058343,60.34373193
404.112211,60.46500092
404.2180676,60.35806962
404.3230329,60.41552205
404.427086,60.59515267
404.5334125,60.58767952
404.6397483,60.46625854
404.7444326,60.4640804
404.8509435,60.53065546
404.9574475,60.52585245
405.0617148,60.39989694
405.1680896,60.50755806
405.2727498,60.47530974
405.3787957,60.58119457
405.481765,60.45679523
405.5881125,60.50041484
405.6920094,60.61984949
405.7961412,60.55383043
405.902493,60.71717449
406.006599,60.6624225
406.1092356,60.53901957
406.2134999,60.74242841
406.3197693,60.64515912
406.4260835,60.71761705
406.5306452,60.60407671
406.6346662,60.72698879
406.7409622,60.76435757
406.8437578,60.71684652
406.9478763,60.66364281
407.0529657,60.55874889
407.1593215,60.71268086
407.264943,60.79615361
407.3712451,60.68187769
407.4778686,60.67706631
407.5820687,60.80011138
407.68843,60.85386808
407.7948258,60.81648198
407.8993051,60.72979828
408.0057264,60.84477367
408.1121037,60.69808106
408.2164637,60.71434598
408.3228093,60.72366433
408.4291778,60.710153
408.5336512,60.73995986
408.6367897,60.74732398
408.7431689,60.69510387
408.8468629,60.8073256
408.9489774,60.70824856
409.0506875,60.78642218
409.1571934,60.65242151
409.2617666,60.78021739
409.3642226,60.73022741
409.4665039,60.72344614
409.5681467,60.65002911
409.6745603,60.58402931
409.7808773,60.75060254
409.8838315,60.6711351
409.9854477,60.67514151
410.0904904,60.73308245
410.1952138,60.81176068
410.2993253,60.71334418
410.401349,60.83515886
410.5031092,60.59639864
410.6094559,60.90921762
410.7157861,60.75735872
410.8187997,60.846337
410.92055,60.66238125
411.0269269,60.73341448
411.1333246,59.11450093
411.2360651,55.02348524
411.3379538,55.12160364
411.4444911,55.12946178
411.550803,55.13150732
411.6534092,55.15833276
411.7551467,55.09945068
411.8600469,55.13482839
411.9664392,55.19972334
412.0688488,55.19025642
412.1709072,55.17720917
412.2726003,55.13277422
412.3774189,55.16732108
412.4830784,55.21284324
412.5863324,55.23707399
412.6884075,55.09835573
412.7901332,55.19266654
412.8965185,55.14962308
412.9988156,55.20865246
413.1038212,55.17596022
413.205953,55.24857206
413.3076184,55.28905162
413.413998,55.29767178
413.5202913,55.38587358
413.6231327,55.41728634
413.724994,55.43935186
413.8313635,55.39487324
413.9377784,55.39475949
414.0405919,55.35590868
414.142322,55.34532217
414.2487228,55.31026486
414.3550582,55.35425486
414.4577908,55.26786932
414.5621603,55.29144176
414.6685491,55.28333582
414.7729875,55.2947884
414.8750705,55.23777458
414.9768018,55.32613984
415.0795778,55.24880342
415.1859715,55.30156447
415.2904134,55.32996126
415.3925571,55.3542984
415.4942359,55.27110025
415.6006018,55.28679701
415.7069584,55.27910597
415.8097759,55.29453063
415.9113803,55.24095826
416.0171939,55.19542695
416.1234885,55.24218251
416.2251523,55.1499267
416.3273284,55.2265315
416.4289714,55.20338228
416.5353916,55.20007854
416.6417911,55.16496134
416.7446373,55.1802753
416.8462433,55.19074022
416.9512347,55.14662356
417.0576365,55.15228162
417.1598977,55.09583357
417.2621893,55.08403957
417.3638128,55.16841272
417.4686961,55.13343648
417.5750003,55.15358682
417.6775534,55.1066238
417.7795465,55.18693521
417.881325,55.14875192
417.9861781,55.14286468
418.0918482,55.1710987
418.1949789,55.21563537
418.2970961,55.11793821
418.3988213,55.19860236
418.5052335,55.13487645
418.6115702,55.18500488
418.7143142,55.10665668
418.8161881,54.8848375
418.9218515,57.10833432
419.0282337,54.81625616
419.129681,54.07019738
419.2317954,53.92067531
419.3335674,53.93557626
419.4353017,53.98456091
419.5417408,53.96538872
419.6471788,53.94161313
419.7492219,53.85886125
419.8509371,53.88965033
419.9573063,53.83652423
420.0636557,53.95777962
420.1665607,53.8944954
420.2682492,53.86432095
420.3746323,53.94033852
420.4809253,53.94357237
420.5818812,53.9725116
420.6839458,53.91723472
420.7856538,54.01673838
420.8865984,53.9507788
420.9931094,54.04660407
421.0993617,54.01353243
421.2014061,53.95543668
421.303149,53.93968817
421.4095128,54.00486365
421.5117908,54.06722341
421.6167588,54.01598379
421.7188662,53.93426085
421.8205811,53.96975553
421.927004,53.96762892
422.0333959,53.96710057
422.1361243,53.85652859
422.2378543,54.01160657
422.3403693,53.92004558
422.4435896,53.973808
422.5500056,53.87284305
422.6516613,53.92150032
422.7537534,53.93035055
422.8555006,53.94167123
422.9618792,53.95191451
423.0644586,54.02570267
423.169044,54.05760932
423.2711988,54.02682241
423.3729311,54.03752613
423.4793217,54.02960036
423.5856457,54.01204319
423.6865845,54.04949369
423.7886213,54.03270644
423.8903177,54.04520238
423.996713,54.09795118
424.1030341,54.05422676
424.2059707,54.05082385
424.3076729,54.04458106
424.4140364,54.02183935
424.5204161,54.03266971
424.6232544,54.06049824
424.7249586,53.98145857
424.829907,53.97242212
424.9363292,53.98637735
425.0386309,54.05580715
425.1422097,54.04210041
425.2451902,54.09336927
425.3473243,53.96932041
425.4520227,53.97532414
425.5560693,54.08957643
425.6581944,54.02270657
425.7599337,54.05508671
425.8646574,54.00139619
425.9673268,54.13534161
426.0735335,54.12777052
426.1755915,52.90743416
426.2773019,52.67073382
426.382033,52.67856626
426.487506,52.80115813
426.5910075,52.70207797
426.6930215,52.77586202
426.7947187,52.68388859
426.9010556,52.69434226
427.0074586,52.63282332
427.1104243,52.75966251
427.2120694,52.81915653
427.3143041,52.72215623
427.4206099,52.64491379
427.5257234,52.61386736
427.6278578,52.8020973
427.7302507,52.89861261
427.8365405,52.72876983
427.9429647,52.73522217
428.0451424,52.65446484
428.14681,52.73166418
428.2533826,52.66205556
428.3586978,52.69731561
428.460487,52.65359896
428.5626203,52.74633576
428.6641798,52.7118274
428.7685539,52.81326441
428.8748168,52.74668183
428.9779827,52.79246555
429.0800795,52.68028427
429.1816639,52.72633244
429.2872957,52.62871196
429.393729,52.67660333
429.4954905,52.75233763
429.5975169,52.6130399
429.699309,52.69907749
429.8056286,52.7515854
429.9120319,52.66767275
430.0148293,52.73860578
430.1166686,52.65990276
430.223017,52.77753929
430.3270709,52.84708794
430.4302275,52.62891373
430.5322861,52.74560413
430.6340153,52.7496307
430.7404164,52.6872616
430.8418735,52.65521112
430.9476768,52.71359229
431.049755,52.62479838
431.1514909,52.57407686
431.2578974,52.5278661
431.364241,52.66299504
431.4670885,52.5842295
431.5688367,52.6498269
431.6752135,52.70276962
431.7785624,52.60005811
431.8824682,52.66659889
431.984611,52.65025168
432.0860952,52.69129567
432.1879686,52.67040149
432.2921869,52.73381697
432.3985762,52.66664406
432.5001565,52.59169105
432.6022468,52.64887228
432.7039852,52.5887595
432.80887,52.54058773
432.9137021,52.60243689
433.0176595,52.62283088
433.1197546,52.68965579
433.225623,52.68946223
433.3270637,52.67023558
433.4323111,52.71749948
433.5351665,52.62672666
433.6371981,52.64740332
433.7422894,48.31476041
433.8490645,48.33567792
433.9525193,48.54506532
434.0588594,48.46021334
434.1651982,48.44944936
434.2696853,48.37837764
434.3755591,48.42884618
434.4819449,48.7598966
434.586835,49.32080065
434.6921992,49.61037746
434.798537,48.79047502
434.9039996,48.6213586
435.0088993,48.54415498
435.1152689,48.63159405
435.2210783,48.71807569
435.324996,48.63347835
435.431165,48.47779927
435.5333873,48.67791939
435.6382805,48.73245138
435.742204,48.97645834
435.8485697,48.85450486
435.9520719,48.83057669
436.0557514,48.64996179
436.1588367,48.67058324
436.2602406,48.62999217
436.3643877,48.76796005
436.4706702,48.85867848
436.5731734,48.62931028
436.67527,48.86600519
436.7769889,48.92134774
436.8833869,48.81548924
436.989023,48.69792442
437.0906923,48.82855005
437.1927639,48.74626503
437.2944738,48.55944175
437.4008708,48.6922504
437.5073352,48.71042031
437.6100682,48.83590428
437.7117584,48.78645683
437.8181955,48.992055
437.9233153,48.95657957
438.0254945,49.00890382
438.1275225,48.98345398
438.2293079,49.04724406
438.3356614,49.04878211
438.4420865,49.03156088
438.544961,48.90665351
438.646561,48.84078838
438.752691,48.87940777
438.8590982,49.0134239
438.9623451,48.88854489
439.063969,48.88581898
439.1703803,48.93320121
439.2751509,48.87844772
439.3776125,48.87923463
439.4797203,48.91391097
439.5814151,48.86822609
439.6878036,48.84349181
439.7935671,48.73644411
439.8950598,48.71821565
439.9971819,48.76018304
440.0989257,48.75234793
440.201817,48.68673183
440.3081166,48.75146957
440.4125984,48.76481406
440.5147019,48.74627793
440.6164385,48.75701448
440.7226035,48.72108107
440.8288724,48.99631343
440.932093,49.34673952
441.0337411,49.04712587
441.1401306,48.84652256
441.2464911,48.40197872
441.3494556,45.96919668
441.4510721,45.84395511
441.5551305,45.96384093
441.6615165,46.11206715
441.7647485,46.21396948
441.866953,46.08716895
441.9685963,46.0993264
442.0749815,45.98081287
442.1812934,46.04797166
442.2822194,46.06313875
442.3844715,45.9456898
442.4860172,45.89797429
442.5869978,45.89281918
442.6933096,45.88774169
442.7996886,46.06710699
442.9019252,45.9360926
443.0036633,46.00438686
443.1100398,45.75532669
443.2164718,45.63774687
443.3193754,45.78199873
443.4210211,45.87034766
443.525926,45.9561799
443.6323243,45.95973658
443.7386457,45.75330388
443.8451775,45.83302743
443.9515579,46.11718898
444.055905,46.04708664
444.1623504,46.03070873
444.268733,45.85826139
444.3731465,45.82297198
444.4793796,46.03750783
444.5857274,46.06065485
444.6902692,46.10318245
444.7965278,46.29788249
444.9028482,46.35833896
445.0076526,46.34219938
445.1139961,46.27483993
445.2185283,46.46656582
445.3247103,46.51763999
445.4310861,46.4376296
445.5374584,46.37439909
445.6418032,46.20368501
445.7481922,46.15089563
445.8545534,46.1146924
445.9589334,46.45722396
446.0653265,46.33780152
446.1717193,46.37472168
446.2760933,46.58674547
446.3823154,46.41776292
446.4877545,46.62437164
446.5932866,46.62103205
446.6997007,46.55382644
446.8060312,46.3493086
446.9104801,46.58446836
447.0128394,46.47834019
447.1192067,46.58699201
447.2239101,46.61407445
447.3278092,46.69207074
447.4341203,46.75231459
447.5404155,46.4930888
447.6450201,46.30346652
447.7514191,46.33890741
447.8552185,46.37846194
447.9584125,46.44724251
448.0623849,46.14149136
448.1687597,46.20634085
448.2751185,46.32574257
448.379516,46.44485528
448.4858781,46.4524244
448.5922662,46.33385228
448.6967095,46.52814604
448.8030938,46.41685027
448.9051824,46.50006044
449.0101301,46.40624289
449.114124,46.3793332
449.2199331,46.42226532
449.3247075,49.30003834
449.4273035,49.5700121
449.5313984,49.47050152
449.6377741,49.53222049
449.7414079,49.50769424
449.8446035,49.53346676
449.9487803,49.50307624
450.0551375,49.65443078
450.1615434,49.50559357
450.2659593,49.55301183
450.3724126,49.47754173
450.4787805,49.43844687
450.5831396,49.46353474
450.6886602,49.53193227
450.794793,49.65912523
450.9003,49.61951274
451.0065756,49.60834127
451.1129131,49.61165893
451.2175179,49.70530183
451.323904,49.68657538
451.430305,49.69736932
451.5347015,49.61098851
451.6411899,49.61678852
451.743535,49.68958693
451.8480572,49.6586744
451.9542445,49.63354816
452.0606847,50.08528366
452.1653091,49.99871748
452.2691389,49.94033541
452.374996,49.83835403
452.481426,49.67177921
452.58641,49.72504508
452.6928086,49.69522757
452.7991714,49.56091002
452.903571,49.58624702
453.0099538,49.54648117
453.1162761,49.69113326
453.2207478,49.65161519
453.3225554,49.66324493
453.4289636,49.69156918
453.5339712,49.73728518
453.6361453,49.7101129
453.7378131,49.74419937
453.8427477,49.65482653
453.9490877,49.75200384
454.051453,49.75872789
454.1536496,49.67859653
454.2553696,49.61203835
454.3617296,49.73581222
454.4649225,49.75854921
454.5691245,49.77076994
454.6711682,49.67294823
454.7729146,49.61623035
454.8738469,49.61784268
454.9756947,49.65101635
455.0820229,49.55065962
455.1868084,49.5791055
455.2887811,49.60282294
455.3906134,49.61251908
455.4969891,49.63410434
455.6032856,49.575919
455.7060923,49.63349656
455.8078028,49.63939972
455.9141943,49.57393485
456.0205355,49.60948579
456.1234463,49.65303502
456.2251359,49.703679
456.3312581,49.59166042
456.4375733,49.62092715
456.5406961,49.6226543
456.642463,49.68068733
456.747934,47.58229885
456.8542745,42.54712134
456.9600829,42.8423997
457.0646185,42.71006825
457.1710703,42.75394124
457.2771875,42.71538453
457.3816768,42.7960717
457.4880295,42.52690112
457.5943162,42.62303401
457.6979226,42.59267507
457.8043744,42.82552223
457.9075667,42.9845767
458.0116738,43.17913227
458.1146554,43.06617876
458.2210714,43.5810425
458.324927,43.43909213
458.4312015,43.5355571
458.5376093,43.05163744
458.642022,43.58287792
458.7478543,42.89773069
458.8537274,42.72590194
458.9592194,43.08712583
459.0646048,43.07264872
459.1679752,43.00588159
459.2743058,43.25434484
459.3805275,42.94850332
459.4828435,43.13255387
459.5892378,43.75235205
459.6936398,43.22861894
459.7978285,43.13032874
459.9042365,42.96942252
460.0106126,43.35082123
460.1149894,42.77163622
460.2213899,43.68996439
460.3270968,43.54262934
460.4321771,43.49253744
460.5344915,43.14057675
460.6408893,43.15643925
460.7452916,42.9246657
460.8494148,42.65152395
460.9557451,42.50017235
461.0619637,42.69725983
461.1665948,42.53214447
461.2708643,42.67312753
461.3773335,42.59728287
461.4799505,42.78840656
461.5838912,42.98879256
461.6902142,42.61964033
461.796518,42.82569206
461.8991314,43.66733313
462.0008716,43.29904485
462.1072263,42.87980058
462.2136321,42.7109912
462.3164608,42.70030785
462.4182141,42.94888959
462.524556,42.57389013
462.63094,42.60750665
462.7338041,43.32346644
462.8355382,43.46664341
462.9418655,43.59718077
463.0451923,43.31486961
463.1492474,42.80744905
463.2512899,42.89197462
463.3530898,42.90814987
463.4595058,42.66758602
463.5659248,42.47200327
463.6686931,42.95437583
463.7704007,42.71242833
463.8767839,42.87597929
463.9823917,42.76153241
464.0840668,43.10965658
464.1860375,42.79801214
464.2879113,42.77194293
464.3942311,42.83900191
464.5005535,42.94846391
464.6035115,43.3333534
464.7052395,42.90662311
464.8116521,40.94539582
464.918035,40.9725763
465.0207313,41.29311514
465.1250829,42.01405737
465.2315555,42.06264327
465.3361235,42.41759601
465.4380762,41.92416649
465.5399581,42.53606016
465.6425775,42.21518013
465.748974,41.98993506
465.853692,41.33882011
465.955694,41.41884349
466.0573328,41.54136101
466.1600569,41.67678629
466.2645861,41.51141293
466.3709378,41.91290841
466.4730667,41.77341233
466.5747473,41.7045845
466.679652,41.62806968
466.7853187,41.32745571
466.8884938,41.64931177
466.9905803,41.4564551
467.0922006,41.60984157
467.198625,41.82767866
467.3049483,41.68851902
467.4079268,41.80262044
467.5096732,42.01111299
467.616058,42.01339979
467.722438,42.44333683
467.8269963,42.35312711
467.933483,42.82222375
468.0383922,42.93272752
468.1405425,42.15563593
468.2426377,41.42979402
468.3443843,41.81168837
468.4507248,41.41483037
468.5570883,41.69547254
468.6599808,41.49027103
468.7617689,41.8083133
468.8681671,42.20829117
468.9719925,41.70995305
469.0754305,41.83709921
469.1775093,41.60680993
469.27924,41.6510208
469.3855961,41.85653682
469.4919886,41.92580152
469.5947824,41.60018863
469.6965735,41.48919699
469.8029327,41.35609791
469.9093073,41.40715981
470.0121905,42.20088745
470.1139628,42.317377
470.2187657,42.34050141
470.3252784,41.93449499
470.4276257,42.52281916
470.529667,42.63238683
470.6315,41.91050076
470.7378692,41.98955515
470.8442093,42.00158334
470.9469693,41.71753472
471.0488256,42.00968781
471.155234,42.11299716
471.2615992,42.27845071
471.3643093,41.54171132
471.4660405,41.69452744
471.5724166,42.21660692
471.6787611,41.71971926
471.7816058,41.92532474
471.8833253,41.36529763
471.9889641,41.52336037
472.0953685,41.5559426
472.1969684,41.75019697
472.2991744,41.78569401
472.400788,41.85234366
472.5071481,41.95037724
472.6087733,41.98154264
472.714425,45.58130163
472.8166276,46.4959729
472.9184547,46.47592279
473.0247645,46.50298084
473.13109,46.44597749
473.2359819,46.53834386
473.342375,46.55116535
473.4487229,46.60267519
473.551197,46.43685223
473.6571135,46.63165167
473.7634416,46.59164467
473.8666082,46.55364812
473.9686477,46.64475718
474.0703787,46.61661885
474.1767052,46.51335563
474.2830323,46.43574471
474.3858911,46.33556192
474.4874503,46.70668854
474.5884429,46.77144277
474.6925907,46.57058947
474.7987941,46.84577105
474.9014682,46.80495335
475.0035757,46.71458244
475.105275,46.60684352
475.210265,46.58937917
475.3165979,46.41104669
475.4189511,46.36354757
475.5209931,46.43516262
475.6228114,46.54708985
475.727685,46.51667354
475.834075,46.78124402
475.9365431,46.66003436
476.0385162,46.66802974
476.1402736,46.79975605
476.2450751,46.73025392
476.3514531,46.6746864
476.4538528,46.63918913
476.5559722,46.65054622
476.6576472,46.47123761
476.7626219,46.62238481
476.8658708,46.73739437
476.9713366,46.53799686
477.0734972,46.81679472
477.1750132,46.72274089
477.2785561,46.77548789
477.3850244,46.83133163
477.4887214,46.64350623
477.5909389,46.61428545
477.6932258,46.63240208
477.7974632,47.0720203
477.9038361,46.66826089
478.0061856,46.59902544
478.1084545,46.77527061
478.2099522,46.70412077
478.3149095,46.77688859
478.4213126,46.76459109
478.5236862,46.73054675
478.6258378,47.01615657
478.7274653,46.85427078
478.8324294,46.85121151
478.9352807,46.75146919
479.0411853,46.68215144
479.1433107,46.6657428
479.2450327,46.6211011
479.3499213,46.69299242
479.4562927,46.56489674
479.5586926,46.43352853
479.6608062,46.71062331
479.7625069,46.51336663
479.867383,46.90151449
479.9737238,46.5521701
480.0762507,46.5746985
480.1782632,46.59431075
480.2799505,46.48068613
480.3849008,42.68168734
480.4912325,40.08580229
480.5936352,39.70345041
480.695757,39.9859729
480.7974506,40.02235991
480.902377,39.16715937
481.0088136,40.83222497
481.1111543,40.41803798
481.2132032,39.85498034
481.3149364,39.49872115
481.4198492,38.72562669
481.5262161,38.71365077
481.6286106,38.67546162
481.7307769,39.64530287
481.8324111,39.62944695
481.9373523,39.17031269
482.0437574,39.41854679
482.1460625,40.30316985
482.2482721,39.09594526
482.349883,39.1789411
482.4548276,40.22023034
482.5612316,39.03501851
482.663585,39.66475783
482.7657533,39.57123257
482.8673806,39.22391167
482.972275,39.23168562
483.0774792,39.88708133
483.181043,39.68197016
483.2832074,40.69496965
483.3848332,40.17306496
483.4897888,39.81115779
483.596187,39.41381667
483.6985197,39.3201766
483.8007047,39.01832244
483.9024705,39.33881345
484.0073344,39.22733336
484.1137813,38.98629432
484.2162347,38.48283487
484.3182989,39.25273781
484.4200702,39.29971554
484.5249284,38.87381211
484.6312371,39.25352815
484.733653,38.32642865
484.835751,38.96929773
484.937496,38.4202116
485.0423214,39.76659586
485.1487028,39.66019361
485.2511594,39.60970791
485.353249,39.69829737
485.4556314,39.45200657
485.5598879,40.1027249
485.66622,40.84525243
485.7686007,40.10654776
485.8707639,39.49608724
485.9724036,39.11349521
486.0773429,39.36826886
486.1837721,39.6700616
486.286157,39.76109204
486.388154,39.77003714
486.4899929,39.99668065
486.5948788,40.21805173
486.7012034,39.99003694
486.8036659,39.3778638
486.905729,40.01047284
487.0074758,39.37884233
487.1123958,38.69267633
487.2185548,38.74616182
487.3211423,39.51445939
487.423271,48.74896074
487.5249492,48.88003334
487.6299062,48.82474277
487.7319335,48.94980623
487.8383375,49.0379839
487.9407214,48.88775211
488.0424503,48.79530146
488.1472985,48.8148817
488.2538025,48.77852244
488.3586102,48.84824141
488.4597687,48.89282505
488.5662339,48.93153899
488.672621,48.95601426
488.7753494,48.83595358
488.877072,48.72786151
488.9833902,48.74538719
489.0852399,48.68701496
489.1907578,48.61411402
489.2928385,48.66468079
489.3945645,48.58566764
489.5009906,48.61888507
489.6073441,48.73953645
489.7111387,48.82709309
489.8143169,48.90571702
489.9211479,48.79551947
490.0254426,48.9435718
490.1274261,48.96046338
490.2317449,48.84752272
490.3381934,48.88630301
490.4427224,48.66797652
490.5448082,48.8027385
490.6465774,48.79420756
490.7492509,48.85578648
490.8557114,48.85581475
490.9601379,48.90010776
491.0622808,48.80470782
491.1640411,48.80460336
491.2667644,48.74852896
491.3730951,48.83530144
491.4777595,48.72630669
491.5797885,48.55163986
491.681517,48.66654725
491.7842098,48.61344144
491.8906001,48.62013434
491.9952546,48.70286286
492.097276,48.83302278
492.1989736,48.68304055
492.3052269,48.79359291
492.4116553,48.78160039
492.5146065,48.77351773
492.616282,48.89926712
492.7188145,48.67305966
492.8244941,48.65514102
492.9300824,48.7424588
493.03219,48.7020809
493.1338335,48.60835383
493.2360248,48.64673355
493.3384245,48.6685554
493.440149,48.70497413
493.546545,48.63671644
493.6498248,48.85231792
493.7514552,48.69524789
493.8579665,48.71488349
493.9618077,48.68805226
494.0652031,48.64127103
494.1673627,48.70432778
494.2691233,48.730868
494.3740088,48.7210015
494.4803854,48.77145467
494.5828238,48.68350247
494.6848897,48.81458916
494.7866464,48.70266964
494.8915028,48.70946212
494.9978709,48.76469784
495.1003717,48.86750855
495.202381,48.73283198
495.304227,48.7408976
495.4089698,48.65585127
495.5153358,48.74016104
495.6178265,48.68026184
495.7199805,44.08309373
495.8215456,39.80042348
495.9239947,40.41718624
496.0304318,40.6749613
496.1351953,40.15774489
496.237369,40.41844158
496.3391389,40.71863984
496.4440367,39.88217164
496.5505048,40.00419074
496.6528319,40.40622128
496.7549399,40.16165334
496.8566583,39.97361153
496.9615692,40.14486043
497.0653612,39.75410398
497.1703357,41.07193423
497.2724427,40.4851921
497.3741497,39.65008884
497.4790576,39.42064353
497.5846992,38.20757104
497.687843,39.31741006
497.7899546,39.42083624
497.8917135,39.31527914
497.9965547,39.87045387
498.1029442,40.70349099
498.2053922,40.59871031
498.3074407,39.56193683
498.4092063,39.38351057
498.5140273,39.94966671
498.6203873,39.94022719
498.7228605,40.10147146
498.824966,40.30171223
498.9267426,40.3575188
499.0316081,40.25039099
499.1379497,39.70537372
499.240454,40.20484425
499.3425758,39.86761703
499.4442887,39.61415112
499.5492135,39.54688889
499.6555942,38.82695375
499.7579769,38.78304416
499.860093,39.3316353
499.9618278,40.02903258
500.0667389,38.45859263
500.1730675,38.44152337
500.2754924,38.69483023
500.3776569,39.98810072
500.4800336,40.16711367
500.5864302,38.87127487
500.6920639,39.01697644
500.7950107,40.27795199
500.8966549,39.50985459
501.0030221,39.30036978
501.1093841,39.59105422
501.212422,39.70870358
501.3140269,38.8364036
501.4203636,40.01931321
501.5219491,39.63292177
501.6278002,39.7440729
501.72993,39.48888184
501.8315593,39.38805088
501.9379164,39.50837962
502.0442511,39.18139963
502.1472695,38.7356519
502.2515741,38.95941426
502.3580505,39.1194246
502.462473,39.5836032
502.564563,39.29940091
502.6663626,40.41635849
502.7690463,40.26196973
502.8754422,40.18378207
502.979963,39.94481041
503.0820235,40.79333203
503.1838082,39.90777247
503.2865415,36.72944937
503.3878768,38.84893211
503.4935012,37.87750028
503.597654,37.69934232
503.699677,38.0880005
503.8039828,39.36432806
503.910281,37.78983964
504.0150828,37.26648856
504.117045,37.65043724
504.2188492,36.87886056
504.321563,36.14026036
504.4281723,37.20942522
504.5325941,36.59615611
504.6345629,35.37482584
504.736398,36.4283216
504.839036,37.86161503
504.9454394,38.05052219
505.0501109,38.77947705
505.1520502,36.86118184
505.2537777,38.55834712
505.3565243,38.02013411
505.4629721,38.19201886
505.5675571,37.18302515
505.6694475,38.56215039
505.7712582,38.83734084
505.8740143,37.80196021
505.9766898,36.93143093
506.0830166,37.57481706
506.1850918,37.073374
506.2871728,38.4376999
506.3888176,37.70672563
506.489774,37.63680053
506.5961685,37.11521374
506.7026536,35.21095939
506.8047297,34.55416694
506.9063925,36.51257632
507.0127557,35.75611439
507.1190859,37.24768791
507.2219937,36.25436804
507.3237206,36.54349334
507.4301683,37.19025847
507.5364998,37.13172684
507.6393556,38.53473787
507.7410012,38.16353789
507.8459716,37.16206206
507.9512655,37.21546074
508.05478,38.33027705
508.1568916,38.50687712
508.2585904,38.20734155
508.3634343,37.7812208
508.4698264,39.464828
508.5722758,37.64613071
508.6743573,38.04883125
508.7760907,39.08022051
508.8809734,37.78199978
508.9849501,38.27155771
509.0895806,37.8876654
509.1919497,37.11080013
509.2935326,37.85835788
509.3974843,37.50664058
509.5038079,38.00220637
509.607282,38.48613265
509.7093902,38.61383701
509.8110268,38.56364678
509.9159767,38.85067688
510.0223231,37.99732438
510.1247385,38.79207207
510.2268313,37.51224312
510.328517,37.11307667
510.4349107,37.3688956
510.536325,37.15886352
510.6422285,37.97988087
510.7443075,38.19477295
510.8460071,39.13463553
510.9523472,38.55886662
511.0587739,39.15762362
511.1616558,38.69577792
511.2633306,39.19050973
511.3681963,38.81130722
511.474542,39.18102191
511.5769445,37.23001116
511.6790624,37.99086579
511.7808207,37.75637013
511.8820216,39.17709342
511.9883185,38.79728018
512.0945295,38.84269624
512.1965235,39.03305015
512.2983249,39.76353194
512.4046937,38.91095896
512.5110422,39.15738424
512.6138647,38.95533681
512.7156169,36.95536903
512.8205331,37.35602673
512.9269249,38.48742685
513.0292874,38.38491922
513.1313452,37.79883956
513.2360056,37.75892251
513.3379627,38.19231488
513.4443826,39.16853355
513.5468063,39.88127779
513.6488382,38.8460006
513.7506452,38.46730245
513.8554914,37.27214459
513.9619614,37.98003271
514.064376,38.10610862
514.1662968,38.79456619
514.2681508,39.39752554
514.3728842,38.22901298
514.4792734,39.47049446
514.5817818,39.84457563
514.6837544,38.46107125
514.7855795,38.15794002
514.8919726,38.36780179
514.9983414,38.45349452
515.1009996,37.10916556
515.2029299,37.65662177
515.3093543,36.73735498
515.4156655,37.80974475
515.5184953,37.92547736
515.6201158,37.28008353
515.7265067,37.85432456
515.832964,38.09997068
515.9357085,37.197052
516.0400441,38.10997118
516.1465081,37.82218552
516.2509485,38.0867564
516.3530328,38.42024307
516.4547328,38.48992271
516.5575303,38.86644544
516.6639238,39.71790069
516.7684422,39.29505956
516.8705472,37.74652162
516.9721947,37.52593755
517.0750042,37.96736221
517.1806365,37.49474326
517.2858701,37.26702009
517.38797,36.89632821
517.4895818,38.05860399
517.5924304,38.28105356
517.697457,36.42451285
517.8032914,37.62372027
517.9054608,37.18147458
518.0070655,37.07556318
518.109943,38.54258843
518.2162837,37.56634016
518.3207479,36.64887115
518.4229455,36.96129254
518.524488,37.73009676
518.6274303,38.18301867
518.733823,38.49502107
518.8382987,39.16891538
518.9403563,37.73395456
519.0421159,36.96641982
519.1448905,39.63760228
519.251323,39.53710452
519.3557569,38.91739971
519.45783,37.56518429
519.5595836,35.87218328
519.6623074,37.65245873
519.7686897,36.47221467
519.8732473,36.57435856
519.97529,36.64721618
520.0770221,36.57230178
520.1797751,36.6735186
520.2820301,37.60676639
520.3883103,37.35322651
520.490832,37.21368186
520.5929003,37.19452285
520.6972671,36.74917959
520.8009559,36.40176685
520.9061649,38.20022223
521.0083227,39.28736798
521.1104645,38.63638555
521.2147145,38.94028674
521.3212225,38.55566085
521.4256955,39.74181453
521.5276588,39.89936829
521.6294015,39.09058411
521.73218,38.36663333
521.8341163,36.70818121
521.9386427,35.9807602
522.043223,35.22635895
522.1453272,36.05309567
522.2496849,36.54853701
522.3560889,36.8196846
522.4605397,36.47362605
522.5626803,35.85612857
522.6643465,36.85160023
522.7671432,36.78307349
522.873489,37.85554476
522.9780124,37.94011584
523.080136,37.57787534
523.1817284,37.60874085
523.2845837,37.06316559
523.3909715,37.34592038
523.495481,38.003415
523.5975929,38.17245478
523.6992595,37.68517456
523.8020901,38.75952928
523.908503,38.68008032
524.0129319,37.54089411
524.1151502,38.37362453
524.216725,36.95108002
524.319604,36.42964131
524.4260545,36.6489162
524.5303538,35.80647512
524.6325187,35.97457473
524.7341972,37.2602242
524.836959,36.49975243
524.9433015,
525.0478939,
525.1499771,
525.2516739,
525.3544957,
525.4610578,
525.5653596,
525.6674417,
525.7691294,
525.871957,
525.9752282,
526.0770494,
526.182949,
526.2850194,
526.389311,
526.4950863,
526.600228,
526.7023796,
526.8040339,
526.9068921,
527.0131373,
527.1175659,
527.2199295,
527.3215131,
527.4243971,
527.5308203,
527.6351853,
527.737374,
527.838988,
527.9418852,
528.0482867,
528.1528095,
528.2548763,
528.3565927,
528.4593706,
528.5657328,
528.6703144,
528.77235,
528.8740876,
528.9768351,
529.0787403,
529.1851856,
529.2879075,
529.389958,
529.494262,
529.600661,
529.7052148,
529.807256,
529.9090706,
530.0126382,
530.1190883,
530.22274,
530.3248465,
530.4265588,
530.5291431,
530.630921,
530.7373657,
530.8404311,
530.9423997,
531.0468068,
531.1532508,
531.2577938,
531.3596961,
531.4615812,
531.5642349,
531.6685984,
531.7750131,
531.8772508,
531.9790325,
532.0816098,
532.1870936,
532.2926874,
532.3947361,
532.4965297,
532.5991201,
532.7054496,
532.8100195,
532.9121266,
533.0139457,
533.1166761,
533.2232366,
533.3275058,
533.4322224,
533.5339798,
533.6398726,
533.7448097,
533.8469862,
533.9485895,
534.0549775,
534.1613799,
534.2642805,
534.3659874,
534.47238,
534.5770068,
534.679753,
534.7817295,
534.8835198,
534.9891487,
535.0954889,
535.1972495,
535.299258,
535.4009445,
535.5073739,
535.6138053,
535.7165503,
535.81824,
535.9246623,
536.0310473,
536.133891,
536.2355303,
536.3419495,
536.4482592,
536.551217,
536.6529661,
536.7562306,
536.8626271,
536.9666414,
537.0687402,
537.1704831,
537.2767917,
537.3830936,
537.4841111,
537.5862511,
537.687894,
537.7887713,
537.8942143,
537.9987835,
538.1017634,
538.203899,
538.3055623,
538.4109287,
538.5173638,
538.6232635,
538.7269787,
538.833322,
538.9364595,
539.0406318,
539.1442934,
539.2507172,
539.3537999,
539.4579809,
539.5609273,
539.6673513,
539.771054,
539.875306,
539.977563,
540.0838845,
540.1884023,
540.2942327,
540.4007025,
540.5056487,
540.6107622,
540.7164538,
540.8228799,
540.9270968,
541.0335038,
541.1394817,
541.2441088,
541.3507509,
541.4571034,
541.5612544,
541.6672111,
541.7719527,
541.8775813,
541.9820796,
542.0883295,
542.1936374,
542.2957178,
542.4002822,
542.5066778,
542.6129191,
542.7193255,
542.8256678,
542.9300619,
543.0339013,
543.1403123,
543.2433393,
543.347431,
543.4498362,
543.5562584,
543.6605187,
543.7646386,
543.8703468,
543.9767853,
544.0818848,
544.1882845,
544.2946314,
544.3989818,
544.5020052,
544.6083892,
544.7122463,
544.816351,
544.922333,
545.0286935,
545.1334786,
545.238032,
545.3426958,
545.446738,
